COVID_single,zoom
COVID_single,WHO
COVID_single,warrior
COVID_single,warfare
COVID_single,war
COVID_single,virus
COVID_single,viral
COVID_single,victim
COVID_single,ventilator
COVID_single,vector
COVID_single,vaccine
COVID_single,upsurge
COVID_single,trip
COVID_single,triage
COVID_single,travel
COVID_single,symptomatic
COVID_single,symptom
COVID_single,superspreading
COVID_single,superspreader
COVID_single,storm
COVID_single,stigma
COVID_single,spread
COVID_single,spendemic
COVID_single,spectre
COVID_single,soar
COVID_single,smallpox
COVID_single,slam
COVID_single,self-quarantine
COVID_single,self-isolation
COVID_single,school
COVID_single,SARS-CoV-2
COVID_single,SARS
COVID_single,sanitizer
COVID_single,sanitize
COVID_single,sacrifice
COVID_single,right-wing
COVID_single,restriction
COVID_single,restaurant
COVID_single,respirator
COVID_single,reopening
COVID_single,reopen
COVID_single,ravage
COVID_single,R0
COVID_single,quarantini
COVID_single,quarantine
COVID_single,pub
COVID_single,pseudoscience
COVID_single,protocol
COVID_single,prevention
COVID_single,PPE
COVID_single,pox
COVID_single,post-COVID
COVID_single,positive
COVID_single,politics
COVID_single,politician
COVID_single,polio
COVID_single,pneumonia
COVID_single,plague
COVID_single,pestilence
COVID_single,pest
COVID_single,peak
COVID_single,pandemic
COVID_single,outbreak
COVID_single,nightmare
COVID_single,negative
COVID_single,nationalism
COVID_single,MERS
COVID_single,maskne
COVID_single,mask
COVID_single,man-made
COVID_single,lurk
COVID_single,loneliness
COVID_single,lockdown
COVID_single,left-wing
COVID_single,left
COVID_single,kiss
COVID_single,killer
COVID_single,isolation
COVID_single,isolate
COVID_single,invader
COVID_single,infodemic
COVID_single,influenza
COVID_single,infection
COVID_single,infect
COVID_single,inequality
COVID_single,incubation
COVID_single,incubate
COVID_single,immunocompromised
COVID_single,immunity
COVID_single,illness
COVID_single,ICU
COVID_single,hydroxychloroquine
COVID_single,hurricane
COVID_single,hug
COVID_single,hope
COVID_single,home
COVID_single,HIV
COVID_single,hero
COVID_single,health
COVID_single,handshake
COVID_single,hammer
COVID_single,gathering
COVID_single,frontline
COVID_single,fomite
COVID_single,flu-like
COVID_single,flu
COVID_single,flood
COVID_single,fight
COVID_single,fever
COVID_single,fear
COVID_single,family
COVID_single,erupt
COVID_single,epidemic
COVID_single,epicenter
COVID_single,enemy
COVID_single,elderly
COVID_single,ebola
COVID_single,droplet
COVID_single,double-vaccinated
COVID_single,doomscrolling
COVID_single,doomscroll
COVID_single,disinfected
COVID_single,disinfectant
COVID_single,disinfect
COVID_single,disease
COVID_single,dexamethasone
COVID_single,destroy
COVID_single,depression
COVID_single,dengue
COVID_single,democracy
COVID_single,defeat
COVID_single,deconfinement
COVID_single,danger
COVID_single,dance
COVID_single,covidiot
COVID_single,COVID-19
COVID_single,cough
COVID_single,coronavirus
COVID_single,coronacation
COVID_single,coronababy
COVID_single,corona
COVID_single,contract
COVID_single,contamination
COVID_single,containment
COVID_single,contagious
COVID_single,contagion
COVID_single,confinement
COVID_single,concert
COVID_single,communicable
COVID_single,combat
COVID_single,co-morbidity
COVID_single,cluster
COVID_single,chloroquine
COVID_single,chill
COVID_single,catch
COVID_single,case
COVID_single,carry
COVID_single,carrier
COVID_single,burden
COVID_single,booster
COVID_single,boosted
COVID_single,bombardment
COVID_single,blizzard
COVID_single,battlefront
COVID_single,battle
COVID_single,bar
COVID_single,asymptomatic
COVID_single,army
COVID_single,antibody
COVID_single,AIDS
COVID_single,aerosol
COVID_single,2019-nCoV
COVID_MWE,zoom video chat
COVID_MWE,zoom video
COVID_MWE,zoom meeting
COVID_MWE,zoom call
COVID_MWE,zoom bomb
COVID_MWE,yellow zone
COVID_MWE,Wuhan virus
COVID_MWE,work from home
COVID_MWE,wet market
COVID_MWE,virus spread
COVID_MWE,virus mutation
COVID_MWE,viral vector vaccine
COVID_MWE,viral load
COVID_MWE,viral dose
COVID_MWE,variant outbreak
COVID_MWE,vaccine rollout
COVID_MWE,vaccine passport
COVID_MWE,vaccination effort
COVID_MWE,vaccination campaign
COVID_MWE,underlying condition
COVID_MWE,UK variant
COVID_MWE,triple mutant strain
COVID_MWE,transmission rate
COVID_MWE,transmissibility rate
COVID_MWE,tracking device
COVID_MWE,third wave
COVID_MWE,test positive
COVID_MWE,test negative
COVID_MWE,task force
COVID_MWE,swine flu
COVID_MWE,swab test
COVID_MWE,strain outbreak
COVID_MWE,stimulus check
COVID_MWE,stay at home
COVID_MWE,state of emergency
COVID_MWE,spike protein
COVID_MWE,Spanish flu
COVID_MWE,social media
COVID_MWE,social gathering
COVID_MWE,social distance
COVID_MWE,small business
COVID_MWE,silent spreader
COVID_MWE,side effect
COVID_MWE,shortness of breath
COVID_MWE,shelter in place
COVID_MWE,shake hands
COVID_MWE,shake hand
COVID_MWE,self care
COVID_MWE,second wave
COVID_MWE,second dose
COVID_MWE,respiratory symptom
COVID_MWE,respiratory problem
COVID_MWE,respiratory droplet
COVID_MWE,respiratory disease
COVID_MWE,reproduction number
COVID_MWE,red zone
COVID_MWE,quarantine and chill
COVID_MWE,public health measures
COVID_MWE,public health guidelines
COVID_MWE,public health
COVID_MWE,psychological impact
COVID_MWE,prime minister
COVID_MWE,pre COVID
COVID_MWE,positive test
COVID_MWE,political party
COVID_MWE,physical distance
COVID_MWE,phased reopening
COVID_MWE,pharmaceutical industry
COVID_MWE,personal protective equipment
COVID_MWE,perfect storm
COVID_MWE,PCR test
COVID_MWE,patient zero
COVID_MWE,pandemic response
COVID_MWE,orange zone
COVID_MWE,novel coronavirus
COVID_MWE,next normal
COVID_MWE,new normal
COVID_MWE,negative test
COVID_MWE,negative pressure room
COVID_MWE,natural disaster
COVID_MWE,nasal swab
COVID_MWE,N95 mask
COVID_MWE,mRNA vaccine
COVID_MWE,mortality rate
COVID_MWE,morbidity rate
COVID_MWE,mitigation phase
COVID_MWE,mental health crisis
COVID_MWE,mental health
COVID_MWE,loss of taste
COVID_MWE,loss of smell
COVID_MWE,long hauler
COVID_MWE,key worker
COVID_MWE,Kawasaki disease
COVID_MWE,intensive care
COVID_MWE,infectious disease
COVID_MWE,indoor gathering
COVID_MWE,index patient
COVID_MWE,index case
COVID_MWE,incubation period
COVID_MWE,immunodeficiency disorder
COVID_MWE,immunity response
COVID_MWE,immunity passport
COVID_MWE,immunity certificate
COVID_MWE,immune system
COVID_MWE,immune response
COVID_MWE,immune deficiency disorder
COVID_MWE,human-to-human transmission
COVID_MWE,household bubble
COVID_MWE,hot zone
COVID_MWE,herd immunity
COVID_MWE,health-care worker
COVID_MWE,hand sanitizer
COVID_MWE,global misinformation
COVID_MWE,global emergency
COVID_MWE,get the vaccine
COVID_MWE,genetically engineered
COVID_MWE,fully vaccinated
COVID_MWE,frontline worker
COVID_MWE,frontline warrior
COVID_MWE,frontline nurse
COVID_MWE,frontline medic
COVID_MWE,frontline hero
COVID_MWE,frontline caregiver
COVID_MWE,flatten the curve
COVID_MWE,flatten curve
COVID_MWE,first wave
COVID_MWE,first dose
COVID_MWE,field hospital
COVID_MWE,FDA approval
COVID_MWE,fake news
COVID_MWE,fact checking
COVID_MWE,fact checker
COVID_MWE,face shield
COVID_MWE,face mask
COVID_MWE,face covering
COVID_MWE,exponential growth
COVID_MWE,exponential curve
COVID_MWE,essential worker
COVID_MWE,essential service
COVID_MWE,emergency room
COVID_MWE,elbow bump
COVID_MWE,effective reproduction number
COVID_MWE,ease of restrictions
COVID_MWE,ease of lockdown
COVID_MWE,double mutant strain
COVID_MWE,cytokine storm
COVID_MWE,COVID-19 variant
COVID_MWE,COVID-19 strain
COVID_MWE,COVID-19 response
COVID_MWE,COVID-19 misinformation
COVID_MWE,COVID variant
COVID_MWE,COVID strain
COVID_MWE,COVID response
COVID_MWE,COVID party
COVID_MWE,COVID denialist
COVID_MWE,COVID denialism
COVID_MWE,COVID cluster
COVID_MWE,COVID baby
COVID_MWE,coronavirus response
COVID_MWE,coronavirus cluster
COVID_MWE,cordon sanitaire
COVID_MWE,contact tracing
COVID_MWE,conspiracy theory
COVID_MWE,community transmission
COVID_MWE,community spread
COVID_MWE,coming out of lockdown
COVID_MWE,close contact
COVID_MWE,clinical trial
COVID_MWE,chronic condition
COVID_MWE,cell tower
COVID_MWE,case fatality rate
COVID_MWE,British variant
COVID_MWE,border restriction
COVID_MWE,booster shot
COVID_MWE,blood clot
COVID_MWE,biological weapon
COVID_MWE,big pharma
COVID_MWE,basic reproduction number
COVID_MWE,avoid contact
COVID_MWE,asymptomatic vector
COVID_MWE,asymptomatic carrier
COVID_MWE,antibody test
COVID_MWE,anti vaxxer
COVID_MWE,active case
SWOW_high_freq,ask
SWOW_high_freq,experience
SWOW_high_freq,guy
SWOW_high_freq,level
SWOW_high_freq,set
SWOW_high_freq,talking
SWOW_high_freq,wanted
SWOW_high_freq,agree
SWOW_high_freq,course
SWOW_high_freq,unless
SWOW_high_freq,true
SWOW_high_freq,house
SWOW_high_freq,took
SWOW_high_freq,matter
SWOW_high_freq,cause
SWOW_high_freq,public
SWOW_high_freq,fine
SWOW_high_freq,buy
SWOW_high_freq,death
SWOW_high_freq,sense
SWOW_high_freq,based
SWOW_high_freq,top
SWOW_high_freq,mind
SWOW_high_freq,often
SWOW_high_freq,rather
SWOW_high_freq,die
SWOW_high_freq,questions
SWOW_high_freq,lol
SWOW_high_freq,normal
SWOW_high_freq,question
SWOW_high_freq,talk
SWOW_high_freq,guess
SWOW_high_freq,important
SWOW_high_freq,games
SWOW_high_freq,contact
SWOW_high_freq,comes
SWOW_high_freq,completely
SWOW_high_freq,above
SWOW_high_freq,control
SWOW_high_freq,close
SWOW_high_freq,given
SWOW_high_freq,hours
SWOW_high_freq,later
SWOW_high_freq,sometimes
SWOW_high_freq,check
SWOW_high_freq,low
SWOW_high_freq,happen
SWOW_high_freq,deal
SWOW_high_freq,came
SWOW_high_freq,seem
SWOW_high_freq,worse
SWOW_high_freq,order
SWOW_high_freq,works
SWOW_high_freq,rate
SWOW_high_freq,body
SWOW_high_freq,remember
SWOW_high_freq,move
SWOW_high_freq,single
SWOW_high_freq,says
SWOW_high_freq,comment
SWOW_high_freq,whatever
SWOW_high_freq,leave
SWOW_high_freq,worth
SWOW_high_freq,past
SWOW_high_freq,quite
SWOW_high_freq,similar
SWOW_high_freq,must
SWOW_high_freq,data
SWOW_high_freq,hit
SWOW_high_freq,women
SWOW_high_freq,easy
SWOW_high_freq,couple
SWOW_high_freq,video
SWOW_high_freq,friend
SWOW_high_freq,goes
SWOW_high_freq,thanks
SWOW_high_freq,company
SWOW_high_freq,police
SWOW_high_freq,hand
SWOW_high_freq,absolutely
SWOW_high_freq,sorry
SWOW_high_freq,per
SWOW_high_freq,coming
SWOW_high_freq,month
SWOW_high_freq,amount
SWOW_high_freq,parents
SWOW_high_freq,information
SWOW_high_freq,exactly
SWOW_high_freq,nice
SWOW_high_freq,outside
SWOW_high_freq,damage
SWOW_high_freq,car
SWOW_high_freq,early
SWOW_high_freq,together
SWOW_high_freq,thinking
SWOW_high_freq,whether
SWOW_high_freq,food
SWOW_high_freq,story
SWOW_high_freq,current
SWOW_high_freq,black
SWOW_median_freq,helpless
SWOW_median_freq,impulse
SWOW_median_freq,disrupt
SWOW_median_freq,nanny
SWOW_median_freq,vein
SWOW_median_freq,filler
SWOW_median_freq,anatomy
SWOW_median_freq,reap
SWOW_median_freq,ham
SWOW_median_freq,premises
SWOW_median_freq,dominance
SWOW_median_freq,bumps
SWOW_median_freq,conception
SWOW_median_freq,governance
SWOW_median_freq,sincere
SWOW_median_freq,modest
SWOW_median_freq,dug
SWOW_median_freq,horizontal
SWOW_median_freq,playstation
SWOW_median_freq,builder
SWOW_median_freq,fur
SWOW_median_freq,rebel
SWOW_median_freq,potent
SWOW_median_freq,smoker
SWOW_median_freq,cheer
SWOW_median_freq,glimpse
SWOW_median_freq,offspring
SWOW_median_freq,friction
SWOW_median_freq,surroundings
SWOW_median_freq,pivot
SWOW_median_freq,coil
SWOW_median_freq,jewels
SWOW_median_freq,exhaustion
SWOW_median_freq,swinging
SWOW_median_freq,rotten
SWOW_median_freq,negotiation
SWOW_median_freq,sentient
SWOW_median_freq,depressive
SWOW_median_freq,manic
SWOW_median_freq,polished
SWOW_median_freq,harbor
SWOW_median_freq,trader
SWOW_median_freq,wager
SWOW_median_freq,desperation
SWOW_median_freq,salad
SWOW_median_freq,idiocy
SWOW_median_freq,insider
SWOW_median_freq,downhill
SWOW_median_freq,downstairs
SWOW_median_freq,robin
SWOW_median_freq,fond
SWOW_median_freq,saber
SWOW_median_freq,suspend
SWOW_median_freq,computing
SWOW_median_freq,tile
SWOW_median_freq,edgy
SWOW_median_freq,stunt
SWOW_median_freq,postpone
SWOW_median_freq,temper
SWOW_median_freq,cellular
SWOW_median_freq,shrug
SWOW_median_freq,shark
SWOW_median_freq,monkeys
SWOW_median_freq,kernel
SWOW_median_freq,integrate
SWOW_median_freq,query
SWOW_median_freq,stunning
SWOW_median_freq,inheritance
SWOW_median_freq,photographer
SWOW_median_freq,erase
SWOW_median_freq,parade
SWOW_median_freq,gateway
SWOW_median_freq,calculus
SWOW_median_freq,thrust
SWOW_median_freq,parasite
SWOW_median_freq,activist
SWOW_median_freq,ruler
SWOW_median_freq,envy
SWOW_median_freq,slash
SWOW_median_freq,anchor
SWOW_median_freq,casino
SWOW_median_freq,comfy
SWOW_median_freq,nationalist
SWOW_median_freq,promo
SWOW_median_freq,avenue
SWOW_median_freq,patriot
SWOW_median_freq,biting
SWOW_median_freq,metaphor
SWOW_median_freq,tumor
SWOW_median_freq,tan
SWOW_median_freq,microphone
SWOW_median_freq,abs
SWOW_median_freq,dashboard
SWOW_median_freq,infamous
SWOW_median_freq,cohort
SWOW_median_freq,tantrum
SWOW_median_freq,tumblr
SWOW_median_freq,dreaming
SWOW_median_freq,upward
SWOW_median_freq,cruelty